{
    "id": "frinny",
    "title": "Frinny - AI Assistant",
    "description": "An AI assistant for Pathfinder 2E that helps with character creation, leveling, and combat.",
    "version": "1.0.0",
    "compatibility": {
        "minimum": "12",
        "verified": "12"
    },
    "authors": [
        {
            "name": "Marcus Monterroso",
            "url": "https://github.com/monterroso"
        }
    ],
    "esmodules": [
        "scripts/main.js"
    ],
    "styles": [
        "styles/frinny-chat.css"
    ],
    "languages": [
        {
            "lang": "en",
            "name": "English",
            "path": "languages/en.json"
        }
    ],
    "socket": true,
    "url": "https://github.com/Monterroso/Frinny-Frontend",
    "manifest": "https://raw.githubusercontent.com/Monterroso/Frinny-Frontend/main/frinny/module.json",
    "download": "https://github.com/Monterroso/Frinny-Frontend/releases/download/v1.0.0/module.zip"
} 